repair_model,brand,model_key,canonical_device,match_status,match_method
Galaxy S21 5G,SAMSUNG,SAMSUNG::galaxy-s21-5g,,UNMATCHED,NONE
Galaxy S21,SAMSUNG,SAMSUNG::galaxy-s21,Galaxy S21,MATCHED_EXACT,CANONICAL_MODEL_SLUG
Galaxy S21+,SAMSUNG,SAMSUNG::galaxy-s21,Galaxy S21,MATCHED_EXACT,CANONICAL_MODEL_SLUG
Galaxy S21 Ultra,SAMSUNG,SAMSUNG::galaxy-s21-ultra,Galaxy S21 Ultra 5G,MATCHED_PREFIX,CANONICAL_MODEL_PREFIX
Galaxy S23 FE,SAMSUNG,SAMSUNG::galaxy-s23-fe,Galaxy S23 FE,MATCHED_EXACT,CANONICAL_MODEL_SLUG
Galaxy S24 FE,SAMSUNG,SAMSUNG::galaxy-s24-fe,Galaxy S24 FE,MATCHED_EXACT,CANONICAL_MODEL_SLUG
Galaxy S25 FE,SAMSUNG,SAMSUNG::galaxy-s25-fe,Galaxy S25 FE,MATCHED_EXACT,CANONICAL_MODEL_SLUG
Galaxy S22,SAMSUNG,SAMSUNG::galaxy-s22,Galaxy S22,MATCHED_EXACT,CANONICAL_MODEL_SLUG
Galaxy S22+,SAMSUNG,SAMSUNG::galaxy-s22,Galaxy S22,MATCHED_EXACT,CANONICAL_MODEL_SLUG
Galaxy S22 Ultra,SAMSUNG,SAMSUNG::galaxy-s22-ultra,Galaxy S22 Ultra 5G,MATCHED_PREFIX,CANONICAL_MODEL_PREFIX
Galaxy S23,SAMSUNG,SAMSUNG::galaxy-s23,Galaxy S23,MATCHED_EXACT,CANONICAL_MODEL_SLUG
Galaxy S23+,SAMSUNG,SAMSUNG::galaxy-s23,Galaxy S23,MATCHED_EXACT,CANONICAL_MODEL_SLUG
Galaxy S23 Ultra,SAMSUNG,SAMSUNG::galaxy-s23-ultra,Galaxy S23 Ultra,MATCHED_EXACT,CANONICAL_MODEL_SLUG
Galaxy S24,SAMSUNG,SAMSUNG::galaxy-s24,Galaxy S24,MATCHED_EXACT,CANONICAL_MODEL_SLUG
Galaxy S24+,SAMSUNG,SAMSUNG::galaxy-s24,Galaxy S24,MATCHED_EXACT,CANONICAL_MODEL_SLUG
Galaxy S24 Ultra,SAMSUNG,SAMSUNG::galaxy-s24-ultra,Galaxy S24 Ultra,MATCHED_EXACT,CANONICAL_MODEL_SLUG
Galaxy S25,SAMSUNG,SAMSUNG::galaxy-s25,Galaxy S25,MATCHED_EXACT,CANONICAL_MODEL_SLUG
Galaxy S25+,SAMSUNG,SAMSUNG::galaxy-s25,Galaxy S25,MATCHED_EXACT,CANONICAL_MODEL_SLUG
Galaxy S25 Edge,SAMSUNG,SAMSUNG::galaxy-s25-edge,Galaxy S25 Edge,MATCHED_EXACT,CANONICAL_MODEL_SLUG
Galaxy S25 Ultra,SAMSUNG,SAMSUNG::galaxy-s25-ultra,Galaxy S25 Ultra 5G,MATCHED_PREFIX,CANONICAL_MODEL_PREFIX
Galaxy Z Flip 3,SAMSUNG,SAMSUNG::galaxy-z-flip-3,Galaxy Z Flip 3,MATCHED_EXACT,CANONICAL_MODEL_SLUG
Galaxy Z Flip 4,SAMSUNG,SAMSUNG::galaxy-z-flip-4,Galaxy Z Flip4,MATCHED_VIA_FUSED,CANONICAL_MODEL_SLUG_FUSED
Galaxy Z Flip 5,SAMSUNG,SAMSUNG::galaxy-z-flip-5,Galaxy Z Flip5,MATCHED_VIA_FUSED,CANONICAL_MODEL_SLUG_FUSED
Galaxy Z Flip 6,SAMSUNG,SAMSUNG::galaxy-z-flip-6,Galaxy Z Flip6,MATCHED_VIA_FUSED,CANONICAL_MODEL_SLUG_FUSED
Galaxy Z Flip 7 FE,SAMSUNG,SAMSUNG::galaxy-z-flip-7-fe,Galaxy Z Flip7 FE,MATCHED_VIA_FUSED,CANONICAL_MODEL_SLUG_FUSED
Galaxy Z Flip 7,SAMSUNG,SAMSUNG::galaxy-z-flip-7,Galaxy Z Flip7,MATCHED_VIA_FUSED,CANONICAL_MODEL_SLUG_FUSED
Galaxy Z Fold 3,SAMSUNG,SAMSUNG::galaxy-z-fold-3,,UNMATCHED,NONE
Galaxy Z Fold 4,SAMSUNG,SAMSUNG::galaxy-z-fold-4,Galaxy Z Fold4,MATCHED_VIA_FUSED,CANONICAL_MODEL_SLUG_FUSED
Galaxy Z Fold 5,SAMSUNG,SAMSUNG::galaxy-z-fold-5,Galaxy Z Fold5,MATCHED_VIA_FUSED,CANONICAL_MODEL_SLUG_FUSED
Galaxy Z Fold 6,SAMSUNG,SAMSUNG::galaxy-z-fold-6,Galaxy Z Fold6,MATCHED_VIA_FUSED,CANONICAL_MODEL_SLUG_FUSED
Galaxy Z Fold 7,SAMSUNG,SAMSUNG::galaxy-z-fold-7,Galaxy Z Fold7,MATCHED_VIA_FUSED,CANONICAL_MODEL_SLUG_FUSED
Galaxy Flip 8,SAMSUNG,SAMSUNG::galaxy-flip-8,,UNMATCHED,NONE
Galaxy Fold 8,SAMSUNG,SAMSUNG::galaxy-fold-8,,UNMATCHED,NONE
Galaxy Fold 8 Ultra,SAMSUNG,SAMSUNG::galaxy-fold-8-ultra,,UNMATCHED,NONE
Galaxy A02,SAMSUNG,SAMSUNG::galaxy-a02,,UNMATCHED,NONE
Galaxy A03,SAMSUNG,SAMSUNG::galaxy-a03,Galaxy A03,MATCHED_EXACT,CANONICAL_MODEL_SLUG
Galaxy A03s,SAMSUNG,SAMSUNG::galaxy-a03s,,UNMATCHED,NONE
Galaxy A04e,SAMSUNG,SAMSUNG::galaxy-a04e,,UNMATCHED,NONE
Galaxy A04,SAMSUNG,SAMSUNG::galaxy-a04,Galaxy A04,MATCHED_EXACT,CANONICAL_MODEL_SLUG
Galaxy A04s,SAMSUNG,SAMSUNG::galaxy-a04s,Galaxy A04s,MATCHED_EXACT,CANONICAL_MODEL_SLUG
Galaxy A055,SAMSUNG,SAMSUNG::galaxy-a055,,UNMATCHED,NONE
Galaxy A05,SAMSUNG,SAMSUNG::galaxy-a05,Galaxy A05,MATCHED_EXACT,CANONICAL_MODEL_SLUG
Galaxy A065,SAMSUNG,SAMSUNG::galaxy-a065,,UNMATCHED,NONE
Galaxy A075,SAMSUNG,SAMSUNG::galaxy-a075,,UNMATCHED,NONE
Galaxy A076,SAMSUNG,SAMSUNG::galaxy-a076,,UNMATCHED,NONE
Galaxy A12,SAMSUNG,SAMSUNG::galaxy-a12,Galaxy A12,MATCHED_EXACT,CANONICAL_MODEL_SLUG
Galaxy A13,SAMSUNG,SAMSUNG::galaxy-a13,Galaxy A13,MATCHED_EXACT,CANONICAL_MODEL_SLUG
Galaxy A14,SAMSUNG,SAMSUNG::galaxy-a14,Galaxy A14,MATCHED_EXACT,CANONICAL_MODEL_SLUG
Galaxy A15,SAMSUNG,SAMSUNG::galaxy-a15,Galaxy A15,MATCHED_EXACT,CANONICAL_MODEL_SLUG
Galaxy A16,SAMSUNG,SAMSUNG::galaxy-a16,Galaxy A16,MATCHED_EXACT,CANONICAL_MODEL_SLUG
Galaxy A16 5G,SAMSUNG,SAMSUNG::galaxy-a16-5g,,UNMATCHED,NONE
Galaxy A17,SAMSUNG,SAMSUNG::galaxy-a17,,UNMATCHED,NONE
Galaxy A17 5G,SAMSUNG,SAMSUNG::galaxy-a17-5g,,UNMATCHED,NONE
Galaxy A22,SAMSUNG,SAMSUNG::galaxy-a22,,UNMATCHED,NONE
Galaxy A23,SAMSUNG,SAMSUNG::galaxy-a23,Galaxy A23,MATCHED_EXACT,CANONICAL_MODEL_SLUG
Galaxy A24,SAMSUNG,SAMSUNG::galaxy-a24,,UNMATCHED,NONE
Galaxy A25,SAMSUNG,SAMSUNG::galaxy-a25,Galaxy A25 5G,MATCHED_PREFIX,CANONICAL_MODEL_PREFIX
Galaxy A26,SAMSUNG,SAMSUNG::galaxy-a26,Galaxy A26 5G,MATCHED_PREFIX,CANONICAL_MODEL_PREFIX
Galaxy A32,SAMSUNG,SAMSUNG::galaxy-a32,Galaxy A32,MATCHED_EXACT,CANONICAL_MODEL_SLUG
Galaxy A33 5G,SAMSUNG,SAMSUNG::galaxy-a33-5g,,UNMATCHED,NONE
Galaxy A34,SAMSUNG,SAMSUNG::galaxy-a34,Galaxy A34,MATCHED_EXACT,CANONICAL_MODEL_SLUG
Galaxy A35,SAMSUNG,SAMSUNG::galaxy-a35,Galaxy A35,MATCHED_EXACT,CANONICAL_MODEL_SLUG
Galaxy A36,SAMSUNG,SAMSUNG::galaxy-a36,Galaxy A36 5G,MATCHED_PREFIX,CANONICAL_MODEL_PREFIX
Galaxy A37,SAMSUNG,SAMSUNG::galaxy-a37,,UNMATCHED,NONE
Galaxy A52,SAMSUNG,SAMSUNG::galaxy-a52,Galaxy A52,MATCHED_EXACT,CANONICAL_MODEL_SLUG
Galaxy A52s,SAMSUNG,SAMSUNG::galaxy-a52s,,UNMATCHED,NONE
Galaxy A53 5G,SAMSUNG,SAMSUNG::galaxy-a53-5g,,UNMATCHED,NONE
Galaxy A54 5G,SAMSUNG,SAMSUNG::galaxy-a54-5g,,UNMATCHED,NONE
Galaxy A55,SAMSUNG,SAMSUNG::galaxy-a55,Galaxy A55,MATCHED_EXACT,CANONICAL_MODEL_SLUG
Galaxy A56,SAMSUNG,SAMSUNG::galaxy-a56,Galaxy A56 5G,MATCHED_PREFIX,CANONICAL_MODEL_PREFIX
Galaxy A57,SAMSUNG,SAMSUNG::galaxy-a57,,UNMATCHED,NONE
Galaxy A72,SAMSUNG,SAMSUNG::galaxy-a72,Galaxy A72,MATCHED_EXACT,CANONICAL_MODEL_SLUG
Galaxy A73 5G,SAMSUNG,SAMSUNG::galaxy-a73-5g,,UNMATCHED,NONE
Galaxy M12,SAMSUNG,SAMSUNG::galaxy-m12,Galaxy M12,MATCHED_EXACT,CANONICAL_MODEL_SLUG
Galaxy M13,SAMSUNG,SAMSUNG::galaxy-m13,Galaxy M13,MATCHED_EXACT,CANONICAL_MODEL_SLUG
Galaxy M14 5G,SAMSUNG,SAMSUNG::galaxy-m14-5g,,UNMATCHED,NONE
Galaxy M15 5G,SAMSUNG,SAMSUNG::galaxy-m15-5g,,UNMATCHED,NONE
Galaxy M22,SAMSUNG,SAMSUNG::galaxy-m22,,UNMATCHED,NONE
Galaxy M23 5G,SAMSUNG,SAMSUNG::galaxy-m23-5g,,UNMATCHED,NONE
Galaxy M32,SAMSUNG,SAMSUNG::galaxy-m32,,UNMATCHED,NONE
Galaxy M33 5G,SAMSUNG,SAMSUNG::galaxy-m33-5g,,UNMATCHED,NONE
Galaxy M34 5G,SAMSUNG,SAMSUNG::galaxy-m34-5g,,UNMATCHED,NONE
Galaxy M52 5G,SAMSUNG,SAMSUNG::galaxy-m52-5g,,UNMATCHED,NONE
Galaxy M54,SAMSUNG,SAMSUNG::galaxy-m54,,UNMATCHED,NONE
Galaxy S Serisi,SAMSUNG,SAMSUNG::galaxy-s-serisi,,UNMATCHED,NONE
Galaxy Z Serisi (iki batarya dahil),SAMSUNG,SAMSUNG::galaxy-z-serisi-iki-batarya-dahil,,UNMATCHED,NONE
Galaxy A Serisi,SAMSUNG,SAMSUNG::galaxy-a-serisi,,UNMATCHED,NONE
Galaxy M Serisi,SAMSUNG,SAMSUNG::galaxy-m-serisi,,UNMATCHED,NONE
Galaxy Note Serisi,SAMSUNG,SAMSUNG::galaxy-note-serisi,,UNMATCHED,NONE
iPhone 18 Pro Max,APPLE,APPLE::iphone-18-pro-max,,UNMATCHED,NONE
iPhone 18 Pro,APPLE,APPLE::iphone-18-pro,,UNMATCHED,NONE
iPhone 18,APPLE,APPLE::iphone-18,,UNMATCHED,NONE
iPhone 17 Pro Max,APPLE,APPLE::iphone-17-pro-max,iPhone 17 Pro Max,MATCHED_EXACT,CANONICAL_MODEL_SLUG
iPhone 17 Pro,APPLE,APPLE::iphone-17-pro,iPhone 17 Pro,MATCHED_EXACT,CANONICAL_MODEL_SLUG
iPhone 17,APPLE,APPLE::iphone-17,iPhone 17,MATCHED_EXACT,CANONICAL_MODEL_SLUG
iPhone 16 Pro Max,APPLE,APPLE::iphone-16-pro-max,iPhone 16 Pro Max,MATCHED_EXACT,CANONICAL_MODEL_SLUG
iPhone 16 Pro,APPLE,APPLE::iphone-16-pro,iPhone 16 Pro,MATCHED_EXACT,CANONICAL_MODEL_SLUG
iPhone 16 Plus,APPLE,APPLE::iphone-16-plus,iPhone 16 Plus,MATCHED_EXACT,CANONICAL_MODEL_SLUG
iPhone 16,APPLE,APPLE::iphone-16,iPhone 16,MATCHED_EXACT,CANONICAL_MODEL_SLUG
iPhone 15 Pro Max,APPLE,APPLE::iphone-15-pro-max,iPhone 15 Pro Max,MATCHED_EXACT,CANONICAL_MODEL_SLUG
iPhone 15 Pro,APPLE,APPLE::iphone-15-pro,iPhone 15 Pro,MATCHED_EXACT,CANONICAL_MODEL_SLUG
iPhone 15 Plus,APPLE,APPLE::iphone-15-plus,iPhone 15 Plus,MATCHED_EXACT,CANONICAL_MODEL_SLUG
iPhone 15,APPLE,APPLE::iphone-15,iPhone 15,MATCHED_EXACT,CANONICAL_MODEL_SLUG
iPhone 14 Pro Max,APPLE,APPLE::iphone-14-pro-max,iPhone 14 Pro Max,MATCHED_EXACT,CANONICAL_MODEL_SLUG
iPhone 14 Pro,APPLE,APPLE::iphone-14-pro,iPhone 14 Pro,MATCHED_EXACT,CANONICAL_MODEL_SLUG
iPhone 14 Plus,APPLE,APPLE::iphone-14-plus,iPhone 14 Plus,MATCHED_EXACT,CANONICAL_MODEL_SLUG
iPhone 14,APPLE,APPLE::iphone-14,iPhone 14,MATCHED_EXACT,CANONICAL_MODEL_SLUG
iPhone 12 Pro Max,APPLE,APPLE::iphone-12-pro-max,iPhone 12 Pro Max,MATCHED_EXACT,CANONICAL_MODEL_SLUG
iPhone 12 Pro,APPLE,APPLE::iphone-12-pro,iPhone 12 Pro,MATCHED_EXACT,CANONICAL_MODEL_SLUG
iPhone 12,APPLE,APPLE::iphone-12,iPhone 12,MATCHED_EXACT,CANONICAL_MODEL_SLUG
iPhone 12 Mini,APPLE,APPLE::iphone-12-mini,iPhone 12 Mini,MATCHED_EXACT,CANONICAL_MODEL_SLUG
iPhone 11 Pro Max,APPLE,APPLE::iphone-11-pro-max,iPhone 11 Pro Max,MATCHED_EXACT,CANONICAL_MODEL_SLUG
iPhone 11 Pro,APPLE,APPLE::iphone-11-pro,iPhone 11 Pro,MATCHED_EXACT,CANONICAL_MODEL_SLUG
iPhone 11,APPLE,APPLE::iphone-11,iPhone 11,MATCHED_EXACT,CANONICAL_MODEL_SLUG
iPhone 8 Plus,APPLE,APPLE::iphone-8-plus,iPhone 8 Plus,MATCHED_EXACT,CANONICAL_MODEL_SLUG
iPhone 8,APPLE,APPLE::iphone-8,iPhone 8,MATCHED_EXACT,CANONICAL_MODEL_SLUG
iPhone 7 Plus,APPLE,APPLE::iphone-7-plus,iPhone 7 Plus,MATCHED_EXACT,CANONICAL_MODEL_SLUG
iPhone 7,APPLE,APPLE::iphone-7,iPhone 7,MATCHED_EXACT,CANONICAL_MODEL_SLUG
iPhone 6/6S Plus,APPLE,APPLE::iphone-6-6s-plus,,UNMATCHED,NONE
iPhone 6/6S,APPLE,APPLE::iphone-6-6s,,UNMATCHED,NONE
iPhone X,APPLE,APPLE::iphone-x,iPhone X,MATCHED_EXACT,CANONICAL_MODEL_SLUG
iPhone XR,APPLE,APPLE::iphone-xr,iPhone XR,MATCHED_EXACT,CANONICAL_MODEL_SLUG
iPhone XS,APPLE,APPLE::iphone-xs,iPhone XS Max,MATCHED_PREFIX,CANONICAL_MODEL_PREFIX
iPhone XS Max,APPLE,APPLE::iphone-xs-max,iPhone XS Max,MATCHED_EXACT,CANONICAL_MODEL_SLUG
iPhone SE 2020,APPLE,APPLE::iphone-se-2020,iPhone SE 2020,MATCHED_EXACT,CANONICAL_MODEL_SLUG
iPhone 13 Pro Max,APPLE,APPLE::iphone-13-pro-max,iPhone 13 Pro Max,MATCHED_EXACT,CANONICAL_MODEL_SLUG
iPhone 13 Pro,APPLE,APPLE::iphone-13-pro,iPhone 13 Pro,MATCHED_EXACT,CANONICAL_MODEL_SLUG
iPhone 13,APPLE,APPLE::iphone-13,iPhone 13,MATCHED_EXACT,CANONICAL_MODEL_SLUG
iPhone 13 Mini,APPLE,APPLE::iphone-13-mini,iPhone 13 Mini,MATCHED_EXACT,CANONICAL_MODEL_SLUG
Galaxy Z Fold 2,SAMSUNG,SAMSUNG::galaxy-z-fold-2,,UNMATCHED,NONE
Galaxy Z Fold,SAMSUNG,SAMSUNG::galaxy-z-fold,,UNMATCHED,NONE
Galaxy Z Flip 5G,SAMSUNG,SAMSUNG::galaxy-z-flip-5g,,UNMATCHED,NONE
Galaxy Z Flip,SAMSUNG,SAMSUNG::galaxy-z-flip,Galaxy Z Flip 3,MATCHED_PREFIX,CANONICAL_MODEL_PREFIX
Galaxy S25 Plus,SAMSUNG,SAMSUNG::galaxy-s25-plus,Galaxy S25 Plus,MATCHED_EXACT,CANONICAL_MODEL_SLUG
Galaxy S23 Plus,SAMSUNG,SAMSUNG::galaxy-s23-plus,Galaxy S23 Plus,MATCHED_EXACT,CANONICAL_MODEL_SLUG
Galaxy S22 Plus,SAMSUNG,SAMSUNG::galaxy-s22-plus,Galaxy S22 Plus 5G,MATCHED_PREFIX,CANONICAL_MODEL_PREFIX
Galaxy S21 Plus,SAMSUNG,SAMSUNG::galaxy-s21-plus,,UNMATCHED,NONE
Galaxy S21 FE,SAMSUNG,SAMSUNG::galaxy-s21-fe,Galaxy S21 FE 5G,MATCHED_PREFIX,CANONICAL_MODEL_PREFIX
Galaxy S20 Ultra,SAMSUNG,SAMSUNG::galaxy-s20-ultra,,UNMATCHED,NONE
Galaxy S20 Plus,SAMSUNG,SAMSUNG::galaxy-s20-plus,Galaxy S20 Plus,MATCHED_EXACT,CANONICAL_MODEL_SLUG
Galaxy S20,SAMSUNG,SAMSUNG::galaxy-s20,Galaxy S20,MATCHED_EXACT,CANONICAL_MODEL_SLUG
Galaxy S20 FE,SAMSUNG,SAMSUNG::galaxy-s20-fe,Galaxy S20 FE,MATCHED_EXACT,CANONICAL_MODEL_SLUG
Galaxy S10 Plus,SAMSUNG,SAMSUNG::galaxy-s10-plus,,UNMATCHED,NONE
Galaxy S10,SAMSUNG,SAMSUNG::galaxy-s10,Galaxy S10,MATCHED_EXACT,CANONICAL_MODEL_SLUG
Galaxy S10 5G,SAMSUNG,SAMSUNG::galaxy-s10-5g,,UNMATCHED,NONE
Galaxy S10e,SAMSUNG,SAMSUNG::galaxy-s10e,,UNMATCHED,NONE
Galaxy S10 Lite,SAMSUNG,SAMSUNG::galaxy-s10-lite,,UNMATCHED,NONE
Galaxy S9 Plus,SAMSUNG,SAMSUNG::galaxy-s9-plus,,UNMATCHED,NONE
Galaxy S9,SAMSUNG,SAMSUNG::galaxy-s9,,UNMATCHED,NONE
Galaxy S8 Plus,SAMSUNG,SAMSUNG::galaxy-s8-plus,Galaxy S8 Plus,MATCHED_EXACT,CANONICAL_MODEL_SLUG
Galaxy S8,SAMSUNG,SAMSUNG::galaxy-s8,Galaxy S8 Plus,MATCHED_PREFIX,CANONICAL_MODEL_PREFIX
Galaxy S7,SAMSUNG,SAMSUNG::galaxy-s7,,UNMATCHED,NONE
Galaxy S7 Edge,SAMSUNG,SAMSUNG::galaxy-s7-edge,,UNMATCHED,NONE
Galaxy S6 Edge Plus,SAMSUNG,SAMSUNG::galaxy-s6-edge-plus,,UNMATCHED,NONE
Galaxy S6,SAMSUNG,SAMSUNG::galaxy-s6,,UNMATCHED,NONE
Galaxy S6 Edge,SAMSUNG,SAMSUNG::galaxy-s6-edge,,UNMATCHED,NONE
Galaxy S5 Mini,SAMSUNG,SAMSUNG::galaxy-s5-mini,,UNMATCHED,NONE
Galaxy A80,SAMSUNG,SAMSUNG::galaxy-a80,,UNMATCHED,NONE
Galaxy A8 Plus (2018),SAMSUNG,SAMSUNG::galaxy-a8-plus-2018,,UNMATCHED,NONE
Galaxy A8,SAMSUNG,SAMSUNG::galaxy-a8,,UNMATCHED,NONE
Galaxy A8 (2016),SAMSUNG,SAMSUNG::galaxy-a8-2016,,UNMATCHED,NONE
Galaxy A8 (2018),SAMSUNG,SAMSUNG::galaxy-a8-2018,,UNMATCHED,NONE
Galaxy A73,SAMSUNG,SAMSUNG::galaxy-a73,Galaxy A73,MATCHED_EXACT,CANONICAL_MODEL_SLUG
Galaxy A71,SAMSUNG,SAMSUNG::galaxy-a71,,UNMATCHED,NONE
Galaxy A70,SAMSUNG,SAMSUNG::galaxy-a70,,UNMATCHED,NONE
Galaxy A7,SAMSUNG,SAMSUNG::galaxy-a7,Galaxy A7 (2018),MATCHED_PREFIX,CANONICAL_MODEL_PREFIX
Galaxy A7 (2016),SAMSUNG,SAMSUNG::galaxy-a7-2016,,UNMATCHED,NONE
Galaxy A7 (2017),SAMSUNG,SAMSUNG::galaxy-a7-2017,,UNMATCHED,NONE
Galaxy A7 (2018),SAMSUNG,SAMSUNG::galaxy-a7-2018,Galaxy A7 (2018),MATCHED_EXACT,CANONICAL_MODEL_SLUG
Galaxy A60,SAMSUNG,SAMSUNG::galaxy-a60,,UNMATCHED,NONE
Galaxy A6 Plus,SAMSUNG,SAMSUNG::galaxy-a6-plus,,UNMATCHED,NONE
Galaxy A6 Plus (2018),SAMSUNG,SAMSUNG::galaxy-a6-plus-2018,,UNMATCHED,NONE
Galaxy A6 (2018),SAMSUNG,SAMSUNG::galaxy-a6-2018,,UNMATCHED,NONE
Galaxy A54,SAMSUNG,SAMSUNG::galaxy-a54,Galaxy A54,MATCHED_EXACT,CANONICAL_MODEL_SLUG
Galaxy S24 Plus,SAMSUNG,SAMSUNG::galaxy-s24-plus,Galaxy S24 Plus,MATCHED_EXACT,CANONICAL_MODEL_SLUG
Galaxy A53,SAMSUNG,SAMSUNG::galaxy-a53,Galaxy A53,MATCHED_EXACT,CANONICAL_MODEL_SLUG
Galaxy A51,SAMSUNG,SAMSUNG::galaxy-a51,Galaxy A51,MATCHED_EXACT,CANONICAL_MODEL_SLUG
Galaxy A50,SAMSUNG,SAMSUNG::galaxy-a50,,UNMATCHED,NONE
Galaxy A50s,SAMSUNG,SAMSUNG::galaxy-a50s,,UNMATCHED,NONE
Galaxy A5 (2016),SAMSUNG,SAMSUNG::galaxy-a5-2016,,UNMATCHED,NONE
Galaxy A5 (2017),SAMSUNG,SAMSUNG::galaxy-a5-2017,,UNMATCHED,NONE
Galaxy M53,SAMSUNG,SAMSUNG::galaxy-m53,,UNMATCHED,NONE
Galaxy M52,SAMSUNG,SAMSUNG::galaxy-m52,,UNMATCHED,NONE
Galaxy M51,SAMSUNG,SAMSUNG::galaxy-m51,,UNMATCHED,NONE
Galaxy A42,SAMSUNG,SAMSUNG::galaxy-a42,,UNMATCHED,NONE
Galaxy A41,SAMSUNG,SAMSUNG::galaxy-a41,,UNMATCHED,NONE
Galaxy A40,SAMSUNG,SAMSUNG::galaxy-a40,,UNMATCHED,NONE
Galaxy M42,SAMSUNG,SAMSUNG::galaxy-m42,,UNMATCHED,NONE
Galaxy M40,SAMSUNG,SAMSUNG::galaxy-m40,,UNMATCHED,NONE
Galaxy A33,SAMSUNG,SAMSUNG::galaxy-a33,,UNMATCHED,NONE
Galaxy A32 4G,SAMSUNG,SAMSUNG::galaxy-a32-4g,,UNMATCHED,NONE
Galaxy A32 5G,SAMSUNG,SAMSUNG::galaxy-a32-5g,,UNMATCHED,NONE
Galaxy A31,SAMSUNG,SAMSUNG::galaxy-a31,Galaxy A31,MATCHED_EXACT,CANONICAL_MODEL_SLUG
Galaxy A30,SAMSUNG,SAMSUNG::galaxy-a30,Galaxy A30,MATCHED_EXACT,CANONICAL_MODEL_SLUG
Galaxy A30s,SAMSUNG,SAMSUNG::galaxy-a30s,,UNMATCHED,NONE
Galaxy A3 (2016),SAMSUNG,SAMSUNG::galaxy-a3-2016,,UNMATCHED,NONE
Galaxy A3 (2017),SAMSUNG,SAMSUNG::galaxy-a3-2017,,UNMATCHED,NONE
Galaxy M34,SAMSUNG,SAMSUNG::galaxy-m34,Galaxy M34,MATCHED_EXACT,CANONICAL_MODEL_SLUG
Galaxy M33,SAMSUNG,SAMSUNG::galaxy-m33,,UNMATCHED,NONE
Galaxy M31,SAMSUNG,SAMSUNG::galaxy-m31,Galaxy M31,MATCHED_EXACT,CANONICAL_MODEL_SLUG
Galaxy M31s,SAMSUNG,SAMSUNG::galaxy-m31s,,UNMATCHED,NONE
Galaxy M30,SAMSUNG,SAMSUNG::galaxy-m30,,UNMATCHED,NONE
Galaxy M30s,SAMSUNG,SAMSUNG::galaxy-m30s,Galaxy M30s,MATCHED_EXACT,CANONICAL_MODEL_SLUG
Galaxy A23 4G,SAMSUNG,SAMSUNG::galaxy-a23-4g,,UNMATCHED,NONE
Galaxy A23 5G,SAMSUNG,SAMSUNG::galaxy-a23-5g,,UNMATCHED,NONE
Galaxy A22 4G,SAMSUNG,SAMSUNG::galaxy-a22-4g,,UNMATCHED,NONE
Galaxy A22 5G,SAMSUNG,SAMSUNG::galaxy-a22-5g,,UNMATCHED,NONE
Galaxy A21,SAMSUNG,SAMSUNG::galaxy-a21,,UNMATCHED,NONE
Galaxy A21s,SAMSUNG,SAMSUNG::galaxy-a21s,Galaxy A21s,MATCHED_EXACT,CANONICAL_MODEL_SLUG
Galaxy A20,SAMSUNG,SAMSUNG::galaxy-a20,Galaxy A20,MATCHED_EXACT,CANONICAL_MODEL_SLUG
Galaxy A20e,SAMSUNG,SAMSUNG::galaxy-a20e,,UNMATCHED,NONE
Galaxy A20s,SAMSUNG,SAMSUNG::galaxy-a20s,Galaxy A20S,MATCHED_EXACT,CANONICAL_MODEL_SLUG
Galaxy A2 Core,SAMSUNG,SAMSUNG::galaxy-a2-core,,UNMATCHED,NONE
Galaxy M23,SAMSUNG,SAMSUNG::galaxy-m23,,UNMATCHED,NONE
Galaxy M21,SAMSUNG,SAMSUNG::galaxy-m21,,UNMATCHED,NONE
Galaxy M20,SAMSUNG,SAMSUNG::galaxy-m20,Galaxy M20,MATCHED_EXACT,CANONICAL_MODEL_SLUG
Galaxy Note 20 Ultra,SAMSUNG,SAMSUNG::galaxy-note-20-ultra,Galaxy Note 20 Ultra,MATCHED_EXACT,CANONICAL_MODEL_SLUG
Galaxy Note 20,SAMSUNG,SAMSUNG::galaxy-note-20,Galaxy Note 20,MATCHED_EXACT,CANONICAL_MODEL_SLUG
Galaxy A17 4G,SAMSUNG,SAMSUNG::galaxy-a17-4g,,UNMATCHED,NONE
Galaxy A16 4G,SAMSUNG,SAMSUNG::galaxy-a16-4g,,UNMATCHED,NONE
Galaxy A15 5G,SAMSUNG,SAMSUNG::galaxy-a15-5g,,UNMATCHED,NONE
Galaxy A14 4G,SAMSUNG,SAMSUNG::galaxy-a14-4g,,UNMATCHED,NONE
Galaxy A14 5G,SAMSUNG,SAMSUNG::galaxy-a14-5g,,UNMATCHED,NONE
Galaxy A13 4G,SAMSUNG,SAMSUNG::galaxy-a13-4g,,UNMATCHED,NONE
Galaxy A13 5G,SAMSUNG,SAMSUNG::galaxy-a13-5g,,UNMATCHED,NONE
Galaxy A12 Nacho,SAMSUNG,SAMSUNG::galaxy-a12-nacho,,UNMATCHED,NONE
Galaxy A11,SAMSUNG,SAMSUNG::galaxy-a11,Galaxy A11,MATCHED_EXACT,CANONICAL_MODEL_SLUG
Galaxy A10,SAMSUNG,SAMSUNG::galaxy-a10,,UNMATCHED,NONE
Galaxy A10s,SAMSUNG,SAMSUNG::galaxy-a10s,Galaxy A10S,MATCHED_EXACT,CANONICAL_MODEL_SLUG
Galaxy M15,SAMSUNG,SAMSUNG::galaxy-m15,,UNMATCHED,NONE
Galaxy M14,SAMSUNG,SAMSUNG::galaxy-m14,,UNMATCHED,NONE
Galaxy M11,SAMSUNG,SAMSUNG::galaxy-m11,Galaxy M11,MATCHED_EXACT,CANONICAL_MODEL_SLUG
Redmi K70E,XIAOMI,XIAOMI::redmi-k70e,,UNMATCHED,NONE
Redmi K60 Pro,XIAOMI,XIAOMI::redmi-k60-pro,,UNMATCHED,NONE
Redmi K60,XIAOMI,XIAOMI::redmi-k60,,UNMATCHED,NONE
Redmi K50 Gaming,XIAOMI,XIAOMI::redmi-k50-gaming,,UNMATCHED,NONE
Redmi K40 Pro,XIAOMI,XIAOMI::redmi-k40-pro,,UNMATCHED,NONE
Redmi K40,XIAOMI,XIAOMI::redmi-k40,,UNMATCHED,NONE
Redmi K40 Gaming,XIAOMI,XIAOMI::redmi-k40-gaming,,UNMATCHED,NONE
Mi 15 Ultra,XIAOMI,XIAOMI::mi-15-ultra,,UNMATCHED,NONE
Mi 15 Pro,XIAOMI,XIAOMI::mi-15-pro,,UNMATCHED,NONE
Mi 15,XIAOMI,XIAOMI::mi-15,,UNMATCHED,NONE
Redmi 15C,XIAOMI,XIAOMI::redmi-15c,,UNMATCHED,NONE
Xiaomi 14 Ultra,XIAOMI,XIAOMI::xiaomi-14-ultra,14 Ultra,MATCHED_VIA_ALIAS,CANONICAL_MODEL_SLUG_VIA_ALIAS
Xiaomi 14 Pro,XIAOMI,XIAOMI::xiaomi-14-pro,,UNMATCHED,NONE
Xiaomi 14T Pro,XIAOMI,XIAOMI::xiaomi-14t-pro,14T Pro,MATCHED_VIA_ALIAS,CANONICAL_MODEL_SLUG_VIA_ALIAS
Xiaomi 14,XIAOMI,XIAOMI::xiaomi-14,14,MATCHED_VIA_ALIAS,CANONICAL_MODEL_SLUG_VIA_ALIAS
Xiaomi 14T,XIAOMI,XIAOMI::xiaomi-14t,14T Pro,MATCHED_PREFIX,CANONICAL_MODEL_PREFIX
Redmi Note 14 Pro,XIAOMI,XIAOMI::redmi-note-14-pro,Redmi Note 14 Pro,MATCHED_EXACT,CANONICAL_MODEL_SLUG
Redmi Note 14 Pro 4G,XIAOMI,XIAOMI::redmi-note-14-pro-4g,,UNMATCHED,NONE
Redmi Note 14 Pro Plus,XIAOMI,XIAOMI::redmi-note-14-pro-plus,Redmi Note 14 Pro Plus 5G,MATCHED_PREFIX,CANONICAL_MODEL_PREFIX
Redmi Note 14 Pro Plus 5G,XIAOMI,XIAOMI::redmi-note-14-pro-plus-5g,Redmi Note 14 Pro Plus 5G,MATCHED_EXACT,CANONICAL_MODEL_SLUG
Redmi Note 14,XIAOMI,XIAOMI::redmi-note-14,Redmi Note 14,MATCHED_EXACT,CANONICAL_MODEL_SLUG
Redmi Note 14 4G,XIAOMI,XIAOMI::redmi-note-14-4g,,UNMATCHED,NONE
Redmi Note 14 5G,XIAOMI,XIAOMI::redmi-note-14-5g,,UNMATCHED,NONE
Redmi 14C,XIAOMI,XIAOMI::redmi-14c,Redmi 14C,MATCHED_EXACT,CANONICAL_MODEL_SLUG
Redmi 14R,XIAOMI,XIAOMI::redmi-14r,,UNMATCHED,NONE
Xiaomi 13 Ultra,XIAOMI,XIAOMI::xiaomi-13-ultra,,UNMATCHED,NONE
Xiaomi 13 Pro,XIAOMI,XIAOMI::xiaomi-13-pro,,UNMATCHED,NONE
Xiaomi 13T Pro,XIAOMI,XIAOMI::xiaomi-13t-pro,,UNMATCHED,NONE
Xiaomi 13,XIAOMI,XIAOMI::xiaomi-13,13,MATCHED_VIA_ALIAS,CANONICAL_MODEL_SLUG_VIA_ALIAS
Xiaomi 13T,XIAOMI,XIAOMI::xiaomi-13t,13T,MATCHED_VIA_ALIAS,CANONICAL_MODEL_SLUG_VIA_ALIAS
Xiaomi 13 Lite,XIAOMI,XIAOMI::xiaomi-13-lite,13 Lite,MATCHED_VIA_ALIAS,CANONICAL_MODEL_SLUG_VIA_ALIAS
Redmi Note 13 Pro 4G,XIAOMI,XIAOMI::redmi-note-13-pro-4g,,UNMATCHED,NONE
Redmi Note 13 Pro 5G,XIAOMI,XIAOMI::redmi-note-13-pro-5g,,UNMATCHED,NONE
Redmi Note 13 Pro Plus,XIAOMI,XIAOMI::redmi-note-13-pro-plus,Redmi Note 13 Pro Plus 5G,MATCHED_PREFIX,CANONICAL_MODEL_PREFIX
Redmi Note 13,XIAOMI,XIAOMI::redmi-note-13,Redmi Note 13,MATCHED_EXACT,CANONICAL_MODEL_SLUG
Redmi Note 13 4G,XIAOMI,XIAOMI::redmi-note-13-4g,,UNMATCHED,NONE
Redmi Note 13R,XIAOMI,XIAOMI::redmi-note-13r,,UNMATCHED,NONE
Redmi 13,XIAOMI,XIAOMI::redmi-13,Redmi 13,MATCHED_EXACT,CANONICAL_MODEL_SLUG
Redmi 13 5G,XIAOMI,XIAOMI::redmi-13-5g,,UNMATCHED,NONE
Redmi 13C,XIAOMI,XIAOMI::redmi-13c,Redmi 13C,MATCHED_EXACT,CANONICAL_MODEL_SLUG
Redmi 13C 5G,XIAOMI,XIAOMI::redmi-13c-5g,,UNMATCHED,NONE
Xiaomi 12 Ultra,XIAOMI,XIAOMI::xiaomi-12-ultra,,UNMATCHED,NONE
Xiaomi 12 Pro,XIAOMI,XIAOMI::xiaomi-12-pro,,UNMATCHED,NONE
Xiaomi 12T Pro,XIAOMI,XIAOMI::xiaomi-12t-pro,,UNMATCHED,NONE
Xiaomi 12,XIAOMI,XIAOMI::xiaomi-12,,UNMATCHED,NONE
Xiaomi 12S,XIAOMI,XIAOMI::xiaomi-12s,,UNMATCHED,NONE
Xiaomi 12T,XIAOMI,XIAOMI::xiaomi-12t,12T,MATCHED_VIA_ALIAS,CANONICAL_MODEL_SLUG_VIA_ALIAS
Xiaomi 12 Lite,XIAOMI,XIAOMI::xiaomi-12-lite,,UNMATCHED,NONE
Redmi Note 12 Pro,XIAOMI,XIAOMI::redmi-note-12-pro,Redmi Note 12 Pro 5G,MATCHED_PREFIX,CANONICAL_MODEL_PREFIX
Redmi Note 12 Pro 4G,XIAOMI,XIAOMI::redmi-note-12-pro-4g,,UNMATCHED,NONE
Redmi Note 12 Pro 5G,XIAOMI,XIAOMI::redmi-note-12-pro-5g,Redmi Note 12 Pro 5G,MATCHED_EXACT,CANONICAL_MODEL_SLUG
Redmi Note 12 Pro Plus 5G,XIAOMI,XIAOMI::redmi-note-12-pro-plus-5g,,UNMATCHED,NONE
Redmi Note 12,XIAOMI,XIAOMI::redmi-note-12,Redmi Note 12 Pro 5G,MATCHED_PREFIX,CANONICAL_MODEL_PREFIX
Redmi Note 12 4G,XIAOMI,XIAOMI::redmi-note-12-4g,,UNMATCHED,NONE
Redmi Note 12 5G,XIAOMI,XIAOMI::redmi-note-12-5g,,UNMATCHED,NONE
Redmi Note 12 Turbo,XIAOMI,XIAOMI::redmi-note-12-turbo,,UNMATCHED,NONE
Redmi Note 12R,XIAOMI,XIAOMI::redmi-note-12r,,UNMATCHED,NONE
Redmi Note 12S,XIAOMI,XIAOMI::redmi-note-12s,,UNMATCHED,NONE
Redmi 12,XIAOMI,XIAOMI::redmi-12,Redmi 12,MATCHED_EXACT,CANONICAL_MODEL_SLUG
Redmi 12 5G,XIAOMI,XIAOMI::redmi-12-5g,,UNMATCHED,NONE
Redmi 12C,XIAOMI,XIAOMI::redmi-12c,Redmi 12C,MATCHED_EXACT,CANONICAL_MODEL_SLUG
Mi 11 Ultra,XIAOMI,XIAOMI::mi-11-ultra,,UNMATCHED,NONE
Mi 11T Pro,XIAOMI,XIAOMI::mi-11t-pro,,UNMATCHED,NONE
Mi 11,XIAOMI,XIAOMI::mi-11,Mi 11 Lite,MATCHED_PREFIX,CANONICAL_MODEL_PREFIX
Mi 11T,XIAOMI,XIAOMI::mi-11t,,UNMATCHED,NONE
Mi 11i,XIAOMI,XIAOMI::mi-11i,,UNMATCHED,NONE
Mi 11 Lite,XIAOMI,XIAOMI::mi-11-lite,Mi 11 Lite,MATCHED_EXACT,CANONICAL_MODEL_SLUG
Mi 11 Lite 4G,XIAOMI,XIAOMI::mi-11-lite-4g,,UNMATCHED,NONE
Mi 11 Lite 5G,XIAOMI,XIAOMI::mi-11-lite-5g,,UNMATCHED,NONE
Mi 11 Lite 5G NE,XIAOMI,XIAOMI::mi-11-lite-5g-ne,,UNMATCHED,NONE
Redmi Note 11 Pro,XIAOMI,XIAOMI::redmi-note-11-pro,Redmi Note 11 Pro,MATCHED_EXACT,CANONICAL_MODEL_SLUG
Redmi Note 11 Pro 5G,XIAOMI,XIAOMI::redmi-note-11-pro-5g,,UNMATCHED,NONE
Redmi Note 11 Pro Plus,XIAOMI,XIAOMI::redmi-note-11-pro-plus,,UNMATCHED,NONE
Redmi Note 11,XIAOMI,XIAOMI::redmi-note-11,Redmi Note 11,MATCHED_EXACT,CANONICAL_MODEL_SLUG
Redmi Note 11 SE,XIAOMI,XIAOMI::redmi-note-11-se,,UNMATCHED,NONE
Redmi Note 11E,XIAOMI,XIAOMI::redmi-note-11e,,UNMATCHED,NONE
Redmi Note 11R,XIAOMI,XIAOMI::redmi-note-11r,,UNMATCHED,NONE
Redmi Note 11S,XIAOMI,XIAOMI::redmi-note-11s,,UNMATCHED,NONE
Redmi 11 Prime,XIAOMI,XIAOMI::redmi-11-prime,,UNMATCHED,NONE
Mi 10 Pro,XIAOMI,XIAOMI::mi-10-pro,,UNMATCHED,NONE
Mi 10T Pro,XIAOMI,XIAOMI::mi-10t-pro,,UNMATCHED,NONE
Mi 10,XIAOMI,XIAOMI::mi-10,,UNMATCHED,NONE
Mi 10T,XIAOMI,XIAOMI::mi-10t,Mi 10T,MATCHED_EXACT,CANONICAL_MODEL_SLUG
Mi 10 Lite,XIAOMI,XIAOMI::mi-10-lite,,UNMATCHED,NONE
Redmi Note 10 Pro,XIAOMI,XIAOMI::redmi-note-10-pro,Redmi Note 10 Pro,MATCHED_EXACT,CANONICAL_MODEL_SLUG
Redmi Note 10 Pro 5G,XIAOMI,XIAOMI::redmi-note-10-pro-5g,,UNMATCHED,NONE
Redmi Note 10,XIAOMI,XIAOMI::redmi-note-10,Redmi Note 10,MATCHED_EXACT,CANONICAL_MODEL_SLUG
Redmi Note 10 5G,XIAOMI,XIAOMI::redmi-note-10-5g,,UNMATCHED,NONE
Redmi Note 10S,XIAOMI,XIAOMI::redmi-note-10s,Redmi Note 10S,MATCHED_EXACT,CANONICAL_MODEL_SLUG
Redmi Note 10S 4G,XIAOMI,XIAOMI::redmi-note-10s-4g,,UNMATCHED,NONE
Mi Note 10,XIAOMI,XIAOMI::mi-note-10,Mi Note 10 Lite,MATCHED_PREFIX,CANONICAL_MODEL_PREFIX
Mi Note 10 Lite,XIAOMI,XIAOMI::mi-note-10-lite,Mi Note 10 Lite,MATCHED_EXACT,CANONICAL_MODEL_SLUG
Redmi 10,XIAOMI,XIAOMI::redmi-10,Redmi 10 2022,MATCHED_PREFIX,CANONICAL_MODEL_PREFIX
Redmi 10 5G,XIAOMI,XIAOMI::redmi-10-5g,,UNMATCHED,NONE
Redmi 10A,XIAOMI,XIAOMI::redmi-10a,,UNMATCHED,NONE
Redmi 10C,XIAOMI,XIAOMI::redmi-10c,,UNMATCHED,NONE
Redmi Note 9 Pro Max,XIAOMI,XIAOMI::redmi-note-9-pro-max,,UNMATCHED,NONE
Redmi Note 9 Pro,XIAOMI,XIAOMI::redmi-note-9-pro,Redmi Note 9 Pro,MATCHED_EXACT,CANONICAL_MODEL_SLUG
Redmi Note 9 Pro 5G,XIAOMI,XIAOMI::redmi-note-9-pro-5g,,UNMATCHED,NONE
Redmi Note 9,XIAOMI,XIAOMI::redmi-note-9,Redmi Note 9,MATCHED_EXACT,CANONICAL_MODEL_SLUG
Redmi Note 9S,XIAOMI,XIAOMI::redmi-note-9s,Redmi Note 9S,MATCHED_EXACT,CANONICAL_MODEL_SLUG
Redmi Note 9T,XIAOMI,XIAOMI::redmi-note-9t,,UNMATCHED,NONE
Mi 9T Pro,XIAOMI,XIAOMI::mi-9t-pro,,UNMATCHED,NONE
Mi 9,XIAOMI,XIAOMI::mi-9,,UNMATCHED,NONE
Mi 9 SE,XIAOMI,XIAOMI::mi-9-se,,UNMATCHED,NONE
Mi 9T,XIAOMI,XIAOMI::mi-9t,,UNMATCHED,NONE
Mi 9 Lite,XIAOMI,XIAOMI::mi-9-lite,,UNMATCHED,NONE
Redmi 9,XIAOMI,XIAOMI::redmi-9,Redmi 9,MATCHED_EXACT,CANONICAL_MODEL_SLUG
Redmi 9A,XIAOMI,XIAOMI::redmi-9a,,UNMATCHED,NONE
Redmi 9C,XIAOMI,XIAOMI::redmi-9c,Redmi 9C,MATCHED_EXACT,CANONICAL_MODEL_SLUG
Redmi 9T,XIAOMI,XIAOMI::redmi-9t,Redmi 9T,MATCHED_EXACT,CANONICAL_MODEL_SLUG
Mi 8 Pro,XIAOMI,XIAOMI::mi-8-pro,,UNMATCHED,NONE
Mi 8,XIAOMI,XIAOMI::mi-8,,UNMATCHED,NONE
Mi 8 SE,XIAOMI,XIAOMI::mi-8-se,,UNMATCHED,NONE
Mi 8 Lite,XIAOMI,XIAOMI::mi-8-lite,,UNMATCHED,NONE
Poco C75,XIAOMI,XIAOMI::poco-c75,,UNMATCHED,NONE
Poco C65,XIAOMI,XIAOMI::poco-c65,,UNMATCHED,NONE
Poco C61,XIAOMI,XIAOMI::poco-c61,,UNMATCHED,NONE
Poco C55,XIAOMI,XIAOMI::poco-c55,,UNMATCHED,NONE
Poco C51,XIAOMI,XIAOMI::poco-c51,,UNMATCHED,NONE
Poco C50,XIAOMI,XIAOMI::poco-c50,,UNMATCHED,NONE
Poco C40,XIAOMI,XIAOMI::poco-c40,,UNMATCHED,NONE
Poco C31,XIAOMI,XIAOMI::poco-c31,,UNMATCHED,NONE
Poco C3,XIAOMI,XIAOMI::poco-c3,,UNMATCHED,NONE
Poco F6 Pro,XIAOMI,XIAOMI::poco-f6-pro,,UNMATCHED,NONE
Poco F6,XIAOMI,XIAOMI::poco-f6,,UNMATCHED,NONE
Poco F5 Pro,XIAOMI,XIAOMI::poco-f5-pro,,UNMATCHED,NONE
Poco F5,XIAOMI,XIAOMI::poco-f5,,UNMATCHED,NONE
Poco F4,XIAOMI,XIAOMI::poco-f4,,UNMATCHED,NONE
Poco F4 GT,XIAOMI,XIAOMI::poco-f4-gt,,UNMATCHED,NONE
Poco F3,XIAOMI,XIAOMI::poco-f3,,UNMATCHED,NONE
Poco F3 GT,XIAOMI,XIAOMI::poco-f3-gt,,UNMATCHED,NONE
Poco F2 Pro,XIAOMI,XIAOMI::poco-f2-pro,,UNMATCHED,NONE
Poco F1,XIAOMI,XIAOMI::poco-f1,,UNMATCHED,NONE
Poco M6 Pro,XIAOMI,XIAOMI::poco-m6-pro,,UNMATCHED,NONE
Poco M6,XIAOMI,XIAOMI::poco-m6,,UNMATCHED,NONE
Poco M5,XIAOMI,XIAOMI::poco-m5,,UNMATCHED,NONE
Poco M5s,XIAOMI,XIAOMI::poco-m5s,,UNMATCHED,NONE
Poco M4 Pro,XIAOMI,XIAOMI::poco-m4-pro,,UNMATCHED,NONE
Poco M4 Pro 5G,XIAOMI,XIAOMI::poco-m4-pro-5g,,UNMATCHED,NONE
Poco M4 5G,XIAOMI,XIAOMI::poco-m4-5g,,UNMATCHED,NONE
Poco M3 Pro,XIAOMI,XIAOMI::poco-m3-pro,,UNMATCHED,NONE
Poco M3 Pro 5G,XIAOMI,XIAOMI::poco-m3-pro-5g,,UNMATCHED,NONE
Poco M3,XIAOMI,XIAOMI::poco-m3,,UNMATCHED,NONE
Poco M2 Pro,XIAOMI,XIAOMI::poco-m2-pro,,UNMATCHED,NONE
Poco M2,XIAOMI,XIAOMI::poco-m2,,UNMATCHED,NONE
Poco X6 Pro,XIAOMI,XIAOMI::poco-x6-pro,,UNMATCHED,NONE
Poco X4 GT,XIAOMI,XIAOMI::poco-x4-gt,,UNMATCHED,NONE
Poco X3 Pro,XIAOMI,XIAOMI::poco-x3-pro,,UNMATCHED,NONE
Poco X3,XIAOMI,XIAOMI::poco-x3,,UNMATCHED,NONE
Poco X3 GT,XIAOMI,XIAOMI::poco-x3-gt,,UNMATCHED,NONE
Poco X3 NFC,XIAOMI,XIAOMI::poco-x3-nfc,,UNMATCHED,NONE
A96,OPPO,OPPO::a96,,UNMATCHED,NONE
A94 4G,OPPO,OPPO::a94-4g,,UNMATCHED,NONE
A91,OPPO,OPPO::a91,,UNMATCHED,NONE
A79,OPPO,OPPO::a79,,UNMATCHED,NONE
A79 5G,OPPO,OPPO::a79-5g,,UNMATCHED,NONE
A74 4G,OPPO,OPPO::a74-4g,,UNMATCHED,NONE
A73,OPPO,OPPO::a73,A73,MATCHED_EXACT,CANONICAL_MODEL_SLUG
A73 (2020),OPPO,OPPO::a73-2020,,UNMATCHED,NONE
A9 2020,OPPO,OPPO::a9-2020,,UNMATCHED,NONE
AX7,OPPO,OPPO::ax7,AX7,MATCHED_EXACT,CANONICAL_MODEL_SLUG
Reno 6,OPPO,OPPO::reno-6,,UNMATCHED,NONE
A5 2020,OPPO,OPPO::a5-2020,A5 2020,MATCHED_EXACT,CANONICAL_MODEL_SLUG
A5s,OPPO,OPPO::a5s,,UNMATCHED,NONE
Reno 5,OPPO,OPPO::reno-5,Reno 5 Lite,MATCHED_PREFIX,CANONICAL_MODEL_PREFIX
Reno 5 Lite,OPPO,OPPO::reno-5-lite,Reno 5 Lite,MATCHED_EXACT,CANONICAL_MODEL_SLUG
A72,OPPO,OPPO::a72,A72,MATCHED_EXACT,CANONICAL_MODEL_SLUG
A58,OPPO,OPPO::a58,,UNMATCHED,NONE
A54 4G,OPPO,OPPO::a54-4g,,UNMATCHED,NONE
A52,OPPO,OPPO::a52,A52,MATCHED_EXACT,CANONICAL_MODEL_SLUG
A38,OPPO,OPPO::a38,A38,MATCHED_EXACT,CANONICAL_MODEL_SLUG
A31,OPPO,OPPO::a31,A31,MATCHED_EXACT,CANONICAL_MODEL_SLUG
RX17,OPPO,OPPO::rx17,,UNMATCHED,NONE
RX17 Neo,OPPO,OPPO::rx17-neo,,UNMATCHED,NONE
A16,OPPO,OPPO::a16,A16,MATCHED_EXACT,CANONICAL_MODEL_SLUG
A15,OPPO,OPPO::a15,,UNMATCHED,NONE
A15s,OPPO,OPPO::a15s,A15s,MATCHED_EXACT,CANONICAL_MODEL_SLUG
Reno 3 Pro,OPPO,OPPO::reno-3-pro,,UNMATCHED,NONE
Reno 3,OPPO,OPPO::reno-3,,UNMATCHED,NONE
Realme C75,REALME,REALME::realme-c75,,UNMATCHED,NONE
Realme C67,REALME,REALME::realme-c67,,UNMATCHED,NONE
Realme C65,REALME,REALME::realme-c65,C65,MATCHED_VIA_ALIAS,CANONICAL_MODEL_SLUG_VIA_ALIAS
Realme C63,REALME,REALME::realme-c63,,UNMATCHED,NONE
Realme C61,REALME,REALME::realme-c61,C61,MATCHED_VIA_ALIAS,CANONICAL_MODEL_SLUG_VIA_ALIAS
Realme C55,REALME,REALME::realme-c55,C55,MATCHED_VIA_ALIAS,CANONICAL_MODEL_SLUG_VIA_ALIAS
Realme C53,REALME,REALME::realme-c53,C 53,MATCHED_VIA_FUSED,CANONICAL_MODEL_SLUG_FUSED
Realme C51,REALME,REALME::realme-c51,,UNMATCHED,NONE
Realme C35,REALME,REALME::realme-c35,,UNMATCHED,NONE
Realme C33,REALME,REALME::realme-c33,,UNMATCHED,NONE
Realme C25,REALME,REALME::realme-c25,C 25,MATCHED_VIA_FUSED,CANONICAL_MODEL_SLUG_FUSED
Realme C25S,REALME,REALME::realme-c25s,C 25S,MATCHED_VIA_FUSED,CANONICAL_MODEL_SLUG_FUSED
Realme C25Y,REALME,REALME::realme-c25y,,UNMATCHED,NONE
Realme C21,REALME,REALME::realme-c21,C21,MATCHED_VIA_ALIAS,CANONICAL_MODEL_SLUG_VIA_ALIAS
Realme C21Y,REALME,REALME::realme-c21y,C21 Y,MATCHED_VIA_FUSED,CANONICAL_MODEL_SLUG_FUSED
Realme C15,REALME,REALME::realme-c15,,UNMATCHED,NONE
Realme C11,REALME,REALME::realme-c11,,UNMATCHED,NONE
Realme C11 2021,REALME,REALME::realme-c11-2021,,UNMATCHED,NONE
Realme C3,REALME,REALME::realme-c3,,UNMATCHED,NONE
Realme C3i,REALME,REALME::realme-c3i,,UNMATCHED,NONE
Realme C2,REALME,REALME::realme-c2,,UNMATCHED,NONE
Realme 11 Pro+,REALME,REALME::realme-11-pro,11 Pro 5G,MATCHED_PREFIX,CANONICAL_MODEL_PREFIX
Realme 11 Pro,REALME,REALME::realme-11-pro,11 Pro 5G,MATCHED_PREFIX,CANONICAL_MODEL_PREFIX
Realme 11,REALME,REALME::realme-11,11,MATCHED_VIA_ALIAS,CANONICAL_MODEL_SLUG_VIA_ALIAS
Realme 10 Pro+,REALME,REALME::realme-10-pro,,UNMATCHED,NONE
Realme 10 Pro,REALME,REALME::realme-10-pro,,UNMATCHED,NONE
Realme 10,REALME,REALME::realme-10,10,MATCHED_VIA_ALIAS,CANONICAL_MODEL_SLUG_VIA_ALIAS
Realme 9 Pro+,REALME,REALME::realme-9-pro,,UNMATCHED,NONE
Realme 9 Pro,REALME,REALME::realme-9-pro,,UNMATCHED,NONE
Realme 9,REALME,REALME::realme-9,,UNMATCHED,NONE
Realme 8 4G,REALME,REALME::realme-8-4g,,UNMATCHED,NONE
Realme 8 5G,REALME,REALME::realme-8-5g,,UNMATCHED,NONE
Realme 7 Pro,REALME,REALME::realme-7-pro,,UNMATCHED,NONE
Realme 7,REALME,REALME::realme-7,,UNMATCHED,NONE
Realme 6 Pro,REALME,REALME::realme-6-pro,,UNMATCHED,NONE
Realme 6,REALME,REALME::realme-6,,UNMATCHED,NONE
Realme 6i,REALME,REALME::realme-6i,,UNMATCHED,NONE
Realme 5 Pro,REALME,REALME::realme-5-pro,,UNMATCHED,NONE
Realme 5i,REALME,REALME::realme-5i,,UNMATCHED,NONE
Realme XT,REALME,REALME::realme-xt,,UNMATCHED,NONE
Realme 12,REALME,REALME::realme-12,12 Pro 5G,MATCHED_PREFIX,CANONICAL_MODEL_PREFIX
iPhone 16E,APPLE,APPLE::iphone-16e,,UNMATCHED,NONE
iPhone 8G Plus,APPLE,APPLE::iphone-8g-plus,,UNMATCHED,NONE
iPhone 8G,APPLE,APPLE::iphone-8g,,UNMATCHED,NONE
iPhone 7G Plus,APPLE,APPLE::iphone-7g-plus,,UNMATCHED,NONE
iPhone 7G,APPLE,APPLE::iphone-7g,,UNMATCHED,NONE
iPhone 6S Plus,APPLE,APPLE::iphone-6s-plus,,UNMATCHED,NONE
iPhone 6S,APPLE,APPLE::iphone-6s,,UNMATCHED,NONE
iPhone 6G Plus,APPLE,APPLE::iphone-6g-plus,,UNMATCHED,NONE
iPhone 6G,APPLE,APPLE::iphone-6g,,UNMATCHED,NONE
iPhone Xs Max,APPLE,APPLE::iphone-xs-max,iPhone XS Max,MATCHED_EXACT,CANONICAL_MODEL_SLUG
iPhone Xs,APPLE,APPLE::iphone-xs,iPhone XS Max,MATCHED_PREFIX,CANONICAL_MODEL_PREFIX
iPhone Xr,APPLE,APPLE::iphone-xr,iPhone XR,MATCHED_EXACT,CANONICAL_MODEL_SLUG
iPhone 6 Plus,APPLE,APPLE::iphone-6-plus,,UNMATCHED,NONE
Galaxy S21 PLUS,SAMSUNG,SAMSUNG::galaxy-s21-plus,,UNMATCHED,NONE
Galaxy S20 Lite,SAMSUNG,SAMSUNG::galaxy-s20-lite,,UNMATCHED,NONE
Galaxy S10E,SAMSUNG,SAMSUNG::galaxy-s10e,,UNMATCHED,NONE
Galaxy A54 A546,SAMSUNG,SAMSUNG::galaxy-a54-a546,,UNMATCHED,NONE
Galaxy S20 FE G780,SAMSUNG,SAMSUNG::galaxy-s20-fe-g780,,UNMATCHED,NONE
Galaxy Note 9 N960,SAMSUNG,SAMSUNG::galaxy-note-9-n960,,UNMATCHED,NONE
Galaxy Note 4 N910,SAMSUNG,SAMSUNG::galaxy-note-4-n910,,UNMATCHED,NONE
Galaxy M51 M515,SAMSUNG,SAMSUNG::galaxy-m51-m515,,UNMATCHED,NONE
Galaxy A60 A6060,SAMSUNG,SAMSUNG::galaxy-a60-a6060,,UNMATCHED,NONE
Galaxy M40 M405,SAMSUNG,SAMSUNG::galaxy-m40-m405,,UNMATCHED,NONE
Galaxy M35 M356,SAMSUNG,SAMSUNG::galaxy-m35-m356,,UNMATCHED,NONE
Galaxy M32 M325,SAMSUNG,SAMSUNG::galaxy-m32-m325,,UNMATCHED,NONE
Galaxy M23 M236,SAMSUNG,SAMSUNG::galaxy-m23-m236,,UNMATCHED,NONE
Galaxy M22 M225,SAMSUNG,SAMSUNG::galaxy-m22-m225,,UNMATCHED,NONE
Galaxy M30S,SAMSUNG,SAMSUNG::galaxy-m30s,Galaxy M30s,MATCHED_EXACT,CANONICAL_MODEL_SLUG
Galaxy M30 M307,SAMSUNG,SAMSUNG::galaxy-m30-m307,,UNMATCHED,NONE
Galaxy M21 M215,SAMSUNG,SAMSUNG::galaxy-m21-m215,,UNMATCHED,NONE
Galaxy M20 M205,SAMSUNG,SAMSUNG::galaxy-m20-m205,,UNMATCHED,NONE
Xiaomi Mi 14 Ultra,XIAOMI,XIAOMI::xiaomi-mi-14-ultra,,UNMATCHED,NONE
Xiaomi Mi 12S Ultra,XIAOMI,XIAOMI::xiaomi-mi-12s-ultra,,UNMATCHED,NONE
Xiaomi Mi 11 Pro,XIAOMI,XIAOMI::xiaomi-mi-11-pro,,UNMATCHED,NONE
Xiaomi Mi 11,XIAOMI,XIAOMI::xiaomi-mi-11,Mi 11 Lite,MATCHED_PREFIX,CANONICAL_MODEL_PREFIX
Xiaomi Mi 13 Ultra,XIAOMI,XIAOMI::xiaomi-mi-13-ultra,,UNMATCHED,NONE
Xiaomi Mi 11 Ultra,XIAOMI,XIAOMI::xiaomi-mi-11-ultra,,UNMATCHED,NONE
Xiaomi Mi 9 Se,XIAOMI,XIAOMI::xiaomi-mi-9-se,,UNMATCHED,NONE
Poco X4 Pro,XIAOMI,XIAOMI::poco-x4-pro,,UNMATCHED,NONE
Poco M4 Pro 4G,XIAOMI,XIAOMI::poco-m4-pro-4g,,UNMATCHED,NONE
